<?xml version="1.0" encoding="utf-8"?>
<!DOCTYPE hibernate-configuration PUBLIC
"-//Hibernate/Hibernate Configuration DTD 3.0//EN"
"http://hibernate.sourceforge.net/hibernate-configuration-3.0.dtd">
<hibernate-configuration>
    <session-factory name="SessionFactory">
        <property name="hibernate.check_nullability">false</property>
        <property name="hibernate.connection.driver_class">com.mysql.jdbc.Driver</property>
        <property name="hibernate.connection.password">grabfix</property>
        <property name="hibernate.connection.url">jdbc:mysql://localhost:3306/cmsdb</property>
        <property name="hibernate.connection.username">root</property>
        <property name="hibernate.current_session_context_class">thread</property>
        <property name="hibernate.dialect">org.hibernate.dialect.MySQLDialect</property>
        <property name="hibernate.search.autoregister_listeners">false</property>
        <property name="hibernate.transaction.factory_class">org.hibernate.transaction.JDBCTransactionFactory</property>
    </session-factory>
</hibernate-configuration>
