<?xml version="1.0"?>
<!DOCTYPE hibernate-mapping PUBLIC "-//Hibernate/Hibernate Mapping DTD 3.0//EN"
"http://hibernate.sourceforge.net/hibernate-mapping-3.0.dtd">
<!-- Generated 29.03.2014 21:04:05 by Hibernate Tools 3.4.0.CR1 -->
<hibernate-mapping>
    <class name="com.cbsinc.entity.CatalogImages" table="catalog_images" catalog="cmsdb">
        <id name="catalogImagesId" type="long">
            <column name="CATALOG_IMAGES_ID" />
            <generator class="assigned" />
        </id>
        <property name="imgname" type="string">
            <column name="IMGNAME" length="100" />
        </property>
        <property name="imgUrl" type="string">
            <column name="IMG_URL" length="200" />
        </property>
        <property name="userId" type="java.lang.Long">
            <column name="USER_ID" />
        </property>
    </class>
</hibernate-mapping>
