<?xml version="1.0"?>
<!DOCTYPE hibernate-mapping PUBLIC "-//Hibernate/Hibernate Mapping DTD 3.0//EN"
"http://hibernate.sourceforge.net/hibernate-mapping-3.0.dtd">
<!-- Generated 29.03.2014 21:04:05 by Hibernate Tools 3.4.0.CR1 -->
<hibernate-mapping>
    <class name="com.cbsinc.entity.Catalog" table="catalog" catalog="cmsdb">
        <id name="id" type="java.lang.Long">
            <column name="ID" />
            <generator class="identity" />
        </id>
        <property name="catalogId" type="long">
            <column name="CATALOG_ID" not-null="true" />
        </property>
        <property name="userId" type="java.lang.Long">
            <column name="USER_ID" />
        </property>
        <property name="lable" type="string">
            <column name="LABLE" length="50" />
        </property>
        <property name="active" type="boolean">
            <column name="ACTIVE" not-null="true" />
        </property>
        <property name="tax" type="java.lang.Double">
            <column name="TAX" precision="22" scale="0" />
        </property>
        <property name="description" type="string">
            <column name="DESCRIPTION" length="500" />
        </property>
        <property name="siteId" type="java.lang.Long">
            <column name="SITE_ID" />
        </property>
        <property name="langId" type="java.lang.Long">
            <column name="LANG_ID" />
        </property>
        <property name="parentId" type="java.lang.Long">
            <column name="PARENT_ID" />
        </property>
        <property name="catalogImageId" type="java.lang.Long">
            <column name="CATALOG_IMAGE_ID" />
        </property>
    </class>
</hibernate-mapping>
