<?xml version="1.0"?>
<!DOCTYPE hibernate-mapping PUBLIC "-//Hibernate/Hibernate Mapping DTD 3.0//EN"
"http://hibernate.sourceforge.net/hibernate-mapping-3.0.dtd">
<!-- Generated 29.03.2014 21:04:05 by Hibernate Tools 3.4.0.CR1 -->
<hibernate-mapping>
    <class name="com.cbsinc.entity.City" table="city" catalog="cmsdb">
        <composite-id name="id" class="com.cbsinc.entity.CityId">
            <key-property name="cityId" type="java.lang.Long">
                <column name="CITY_ID" />
            </key-property>
            <key-property name="telcode" type="java.lang.Integer">
                <column name="TELCODE" />
            </key-property>
            <key-property name="name" type="string">
                <column name="NAME" length="50" />
            </key-property>
            <key-property name="fullname" type="string">
                <column name="FULLNAME" length="100" />
            </key-property>
            <key-property name="countryId" type="java.lang.Long">
                <column name="COUNTRY_ID" />
            </key-property>
            <key-property name="langId" type="java.lang.Integer">
                <column name="LANG_ID" />
            </key-property>
            <key-property name="locale" type="string">
                <column name="LOCALE" length="2" />
            </key-property>
        </composite-id>
    </class>
</hibernate-mapping>
