<?xml version="1.0"?>
<!DOCTYPE hibernate-mapping PUBLIC "-//Hibernate/Hibernate Mapping DTD 3.0//EN"
"http://hibernate.sourceforge.net/hibernate-mapping-3.0.dtd">
<!-- Generated 29.03.2014 21:04:05 by Hibernate Tools 3.4.0.CR1 -->
<hibernate-mapping>
    <class name="com.cbsinc.entity.DinamicFields" table="dinamic_fields" catalog="cmsdb">
        <id name="dinamicFieldId" type="long">
            <column name="DINAMIC_FIELD_ID" />
            <generator class="assigned" />
        </id>
        <property name="productId" type="java.lang.Long">
            <column name="PRODUCT_ID" />
        </property>
        <property name="active" type="boolean">
            <column name="ACTIVE" not-null="true" />
        </property>
    </class>
</hibernate-mapping>
