<?xml version="1.0"?>
<!DOCTYPE hibernate-mapping PUBLIC "-//Hibernate/Hibernate Mapping DTD 3.0//EN"
"http://hibernate.sourceforge.net/hibernate-mapping-3.0.dtd">
<!-- Generated 29.03.2014 21:04:05 by Hibernate Tools 3.4.0.CR1 -->
<hibernate-mapping>
    <class name="com.cbsinc.entity.File" table="file" catalog="cmsdb">
        <id name="fileId" type="long">
            <column name="FILE_ID" />
            <generator class="assigned" />
        </id>
        <property name="name" type="string">
            <column name="NAME" length="50" />
        </property>
        <property name="filedata" type="binary">
            <column name="FILEDATA" />
        </property>
        <property name="userId" type="java.lang.Long">
            <column name="USER_ID" />
        </property>
        <property name="size" type="string">
            <column name="SIZE" length="15" />
        </property>
        <property name="path" type="string">
            <column name="PATH" length="500" />
        </property>
    </class>
</hibernate-mapping>
