<?xml version="1.0"?>
<!DOCTYPE hibernate-mapping PUBLIC "-//Hibernate/Hibernate Mapping DTD 3.0//EN"
"http://hibernate.sourceforge.net/hibernate-mapping-3.0.dtd">
<!-- Generated 29.03.2014 21:04:05 by Hibernate Tools 3.4.0.CR1 -->
<hibernate-mapping>
    <class name="com.cbsinc.entity.Paysystem" table="paysystem" catalog="cmsdb">
        <id name="paysystemId" type="long">
            <column name="PAYSYSTEM_ID" />
            <generator class="assigned" />
        </id>
        <property name="paysystemCd" type="string">
            <column name="PAYSYSTEM_CD" length="50" />
        </property>
        <property name="name" type="string">
            <column name="NAME" length="50" />
        </property>
        <property name="description" type="string">
            <column name="DESCRIPTION" length="500" />
        </property>
        <property name="active" type="boolean">
            <column name="ACTIVE" not-null="true" />
        </property>
        <property name="imgUrl" type="string">
            <column name="IMG_URL" length="500" />
        </property>
        <property name="payGatewayId" type="java.lang.Long">
            <column name="PAY_GATEWAY_ID" />
        </property>
    </class>
</hibernate-mapping>
