<?xml version="1.0"?>
<!DOCTYPE hibernate-mapping PUBLIC "-//Hibernate/Hibernate Mapping DTD 3.0//EN"
"http://hibernate.sourceforge.net/hibernate-mapping-3.0.dtd">
<!-- Generated 29.03.2014 21:04:05 by Hibernate Tools 3.4.0.CR1 -->
<hibernate-mapping>
    <class name="com.cbsinc.entity.Paystatus" table="paystatus" catalog="cmsdb">
        <id name="paystatusId" type="long">
            <column name="PAYSTATUS_ID" />
            <generator class="assigned" />
        </id>
        <property name="lable" type="string">
            <column name="LABLE" length="50" />
        </property>
        <property name="description" type="string">
            <column name="DESCRIPTION" length="500" />
        </property>
        <property name="active" type="boolean">
            <column name="ACTIVE" not-null="true" />
        </property>
        <property name="lang" type="string">
            <column name="LANG" />
        </property>
    </class>
</hibernate-mapping>
