<?xml version="1.0"?>
<!DOCTYPE hibernate-mapping PUBLIC "-//Hibernate/Hibernate Mapping DTD 3.0//EN"
"http://hibernate.sourceforge.net/hibernate-mapping-3.0.dtd">
<!-- Generated 29.03.2014 21:04:05 by Hibernate Tools 3.4.0.CR1 -->
<hibernate-mapping>
    <class name="com.cbsinc.entity.Portlettype" table="portlettype" catalog="cmsdb">
        <id name="portlettypeId" type="long">
            <column name="PORTLETTYPE_ID" />
            <generator class="assigned" />
        </id>
        <property name="name" type="string">
            <column name="NAME" length="50" />
        </property>
        <property name="langId" type="java.lang.Long">
            <column name="LANG_ID" />
        </property>
    </class>
</hibernate-mapping>
