INSERT INTO cmsdb.account (ACCOUNT_ID,USER_ID,AMOUNT,CURR,DATE_INPUT,DESCRIPTION,COMPLETE,ACTIVE,CURRENCY_ID,TREE_ID) VALUES
	 (100728482950021286,100728482950021285,0.0,3,'2024-02-26 00:00:00',' new_account ',0,0,1,NULL),
	 (100728482950021288,100728482950021287,0.0,3,'2024-02-26 00:00:00',' new_account ',0,0,1,NULL);
INSERT INTO cmsdb.`catalog` (CATALOG_ID,USER_ID,LABLE,ACTIVE,TAX,DESCRIPTION,SITE_ID,LANG_ID,PARENT_ID,CATALOG_IMAGE_ID) VALUES
	 (-1,NULL,'News',1,NULL,NULL,2,2,0,NULL),
	 (-2,NULL,'Main page',1,NULL,NULL,2,2,0,NULL),
	 (100728482950021289,NULL,'Selection1',1,NULL,NULL,2,2,0,NULL),
	 (100728482950021290,NULL,'Sub selection1',1,NULL,NULL,2,2,100728482950021289,NULL),
	 (100728482950021291,NULL,'Sub selection11',1,NULL,NULL,2,2,100728482950021289,NULL),
	 (100728482950021292,NULL,'Sub selection111',1,NULL,NULL,2,2,100728482950021289,NULL),
	 (100728482950021293,NULL,'Selection2',1,NULL,NULL,2,2,0,NULL),
	 (100728482950021294,NULL,'Sub selection2',1,NULL,NULL,2,2,100728482950021293,NULL),
	 (100728482950021295,NULL,'Sub selection22',1,NULL,NULL,2,2,100728482950021293,NULL),
	 (100728482950021296,NULL,'Sub selection222',1,NULL,NULL,2,2,100728482950021293,NULL);
INSERT INTO cmsdb.`catalog` (CATALOG_ID,USER_ID,LABLE,ACTIVE,TAX,DESCRIPTION,SITE_ID,LANG_ID,PARENT_ID,CATALOG_IMAGE_ID) VALUES
	 (100728482950021297,NULL,'Selection3',1,NULL,NULL,2,2,0,NULL),
	 (100728482950021298,NULL,'Sub selection3',1,NULL,NULL,2,2,100728482950021297,NULL),
	 (100728482950021299,NULL,'Sub selection33',1,NULL,NULL,2,2,100728482950021297,NULL),
	 (100728482950021300,NULL,'Sub selection333',1,NULL,NULL,2,2,100728482950021297,NULL),
	 (100728482950021301,NULL,'Selection4',1,NULL,NULL,2,2,0,NULL),
	 (100728482950021302,NULL,'Sub selection4',1,NULL,NULL,2,2,100728482950021301,NULL),
	 (100728482950021303,NULL,'Sub selection44',1,NULL,NULL,2,2,100728482950021301,NULL),
	 (100728482950021304,NULL,'Sub selection444',1,NULL,NULL,2,2,100728482950021301,NULL);
INSERT INTO cmsdb.city (CITY_ID,TELCODE,NAME,FULLNAME,COUNTRY_ID,LANG_ID,LOCALE) VALUES
	 (1,812,'St. Petersburg','St. Petersburg',1,2,'EN'),
	 (2,95,'Moscow','Moscow',1,2,'EN'),
	 (107,22,'York','York',2,2,'EN'),
	 (103,22,'London','London',3,2,'EN'),
	 (700,61,'Ottawa','Ottawa',13,2,'EN'),
	 (7001,2,'Canberra','Canberra',20,2,'EN');
INSERT INTO cmsdb.country (COUNTRY_ID,TELCODE,NAME,FULLNAME,LANG_ID,LOCALE) VALUES
	 (1,7,'Russia','Russia',2,'EN'),
	 (2,1,'USA','USA',2,'EN'),
	 (3,44,'United Kingdom','United Kingdom',2,'EN'),
	 (13,1,'Canada','Canada',2,'EN'),
	 (20,1,'Australia','Australia',2,'EN');
INSERT INTO cmsdb.creteria1 (CRETERIA1_ID,NAME,ACTIVE,LANG_ID,LINK_ID,CATALOG_ID,LABEL) VALUES
	 (0,'Not chosen',1,2,0,2,'Criterion1'),
	 (1,'Test1',1,2,0,2,'Criterion1'),
	 (2,'Test2',1,2,0,2,'Criterion1');
INSERT INTO cmsdb.creteria10 (CRETERIA10_ID,NAME,ACTIVE,LANG_ID,LINK_ID,CATALOG_ID,LABEL) VALUES
	 (0,'Not chosen',1,2,0,2,'Criterion10');
INSERT INTO cmsdb.creteria2 (CRETERIA2_ID,NAME,ACTIVE,LANG_ID,LINK_ID,CATALOG_ID,LABEL) VALUES
	 (0,'Not chosen',1,2,0,2,'Criterion2');
INSERT INTO cmsdb.creteria3 (CRETERIA3_ID,NAME,ACTIVE,LANG_ID,LINK_ID,CATALOG_ID,LABEL) VALUES
	 (0,'Not chosen',1,2,0,2,'Criterion3');
INSERT INTO cmsdb.creteria4 (CRETERIA4_ID,NAME,ACTIVE,LANG_ID,LINK_ID,CATALOG_ID,LABEL) VALUES
	 (0,'Not chosen',1,2,0,2,'Criterion4');
INSERT INTO cmsdb.creteria5 (CRETERIA5_ID,NAME,ACTIVE,LANG_ID,LINK_ID,CATALOG_ID,LABEL) VALUES
	 (0,'Not chosen',1,2,0,2,'Criterion5');
INSERT INTO cmsdb.creteria6 (CRETERIA6_ID,NAME,ACTIVE,LANG_ID,LINK_ID,CATALOG_ID,LABEL) VALUES
	 (0,'Not chosen',1,2,0,2,'Criterion6');
INSERT INTO cmsdb.creteria7 (CRETERIA7_ID,NAME,ACTIVE,LANG_ID,LINK_ID,CATALOG_ID,LABEL) VALUES
	 (0,'Not chosen',1,2,0,2,'Criterion7');
INSERT INTO cmsdb.creteria8 (CRETERIA8_ID,NAME,ACTIVE,LANG_ID,LINK_ID,CATALOG_ID,LABEL) VALUES
	 (0,'Not chosen',1,2,0,2,'Criterion8');
INSERT INTO cmsdb.creteria9 (CRETERIA9_ID,NAME,ACTIVE,LANG_ID,LINK_ID,CATALOG_ID,LABEL) VALUES
	 (0,'Not chosen',1,2,0,2,'Criterion9');
INSERT INTO cmsdb.currency (CURRENCY_ID,RATE,CURRENCY_LABLE,CURRENCY_DESC,ACTIVE,CURRENCY_CD,CURSDATE,CHANGEDATE) VALUES
	 (0,0.0,'UNKNOWN','Not selected',1,'0',NULL,'2024-02-26 04:25:13'),
	 (1,36.0,'USD','U.S Dollar',1,'USD',NULL,'2024-02-26 04:25:13'),
	 (2,45.0,'EUR',' EURO',1,'EUR',NULL,'2024-02-26 04:25:13'),
	 (3,1.0,'RUB','RF Ruble',1,'RUB',NULL,'2024-02-26 04:25:13'),
	 (4,1.0,'CNY','China money',1,'CNY',NULL,'2024-02-26 04:25:13'),
	 (5,1.0,'JPY','Japan Yen',1,'JPY',NULL,'2024-02-26 04:25:13'),
	 (6,1.0,'TRY','Turkey Lira',1,'TRY',NULL,'2024-02-26 04:25:13'),
	 (7,1.0,'MXN','Mexico Peso',1,'MXN',NULL,'2024-02-26 04:25:13'),
	 (8,1.0,'CAD','United Kingdom Pound',1,'CAD',NULL,'2024-02-26 04:25:13'),
	 (9,1.0,'GBP','Brazil Real',1,'GBP',NULL,'2024-02-26 04:25:13');
INSERT INTO cmsdb.currency (CURRENCY_ID,RATE,CURRENCY_LABLE,CURRENCY_DESC,ACTIVE,CURRENCY_CD,CURSDATE,CHANGEDATE) VALUES
	 (10,1.0,'BRL','India Rupee',1,'BRL',NULL,'2024-02-26 04:25:13'),
	 (11,1.0,'INR','Bitcoin',1,'INR',NULL,'2024-02-26 04:25:13'),
	 (12,1.0,'BTC','Litecoin',1,'BTC',NULL,'2024-02-26 04:25:13'),
	 (13,1.0,'LTC','Ethereum',1,'LTC',NULL,'2024-02-26 04:25:13'),
	 (14,1.0,'ETH','PayPal Dollar',1,'ETH',NULL,'2024-02-26 04:25:13'),
	 (15,1.0,'PYUSD','U.S Digital Dollar',1,'PYUSD',NULL,'2024-02-26 04:25:13'),
	 (16,1.0,'CBDC','ERROR',1,'CBDC',NULL,'2024-02-26 04:25:13');
INSERT INTO cmsdb.lang (LANG_ID,LABLE,DESCRIPTION,ACTIVE) VALUES
	 (1,'ru','Russian',1),
	 (2,'en','English',1);
INSERT INTO cmsdb.shop (SHOP_CD,OWNER_ID,LOGIN,SITE_ID,PAY_GATEWAY_ID,PASSWD,CDATE) VALUES
	 (84473,100728482950021287,'HCO-CENTE-406',2,1,'91KiBFRtE8fF7VHc8tvr','2024-02-26 00:00:00');
INSERT INTO cmsdb.site (SITE_ID,HOST,OWNER,ACTIVE,HOME_DIR,SITE_DIR,PERSON,PHONE,ADDRESS,SUBJECT_SITE,NICK_SITE,COMPANY_NAME) VALUES
	 (2,'localhost',1,1,'shops.online-spb.com','shops.online-spb.com','Administrator','+z(xxx)yyy-xxxx','',NULL,NULL,NULL);
INSERT INTO cmsdb.soft (SOFT_ID,NAME,DESCRIPTION,VERSION,COST,CURRENCY,SERIAL_NUBMER,FILE_ID,TYPE_ID,LEVELUP,ACTIVE,USER_ID,PHONETYPE_ID,PROGNAME_ID,IMAGE_ID,BIGIMAGE_ID,WEIGHT,COUNT,LANG_ID,PHONEMODEL_ID,LICENCE_ID,CATALOG_ID,SALELOGIC_ID,TREE_ID,CARD_NUMBER,CARD_CODE,START_DIAL_TIME,END_DIAL_TIME,START_ACTIVATION_CARD,END_ACTIVATION_CARD,TYPE_CARD_ID,PRODUCT_CODE,FULLDESCRIPTION,SITE_ID,`SEARCH`,PORTLETTYPE_ID,CRETERIA1_ID,CRETERIA2_ID,CRETERIA3_ID,CRETERIA4_ID,CRETERIA5_ID,CRETERIA6_ID,CRETERIA7_ID,CRETERIA8_ID,CRETERIA9_ID,CRETERIA10_ID,STATISTIC_ID,CDATE,CRETERIA11_ID,CRETERIA12_ID,CRETERIA13_ID,CRETERIA14_ID,CRETERIA15_ID,SQUARE,RATING_SUMM1,RATING_SUMM2,RATING_SUMM3,COUNTPOST_RATING1,COUNTPOST_RATING2,COUNTPOST_RATING3,MIDLE_BAL1,MIDLE_BAL2,MIDLE_BAL3,SHOW_RATING1,SHOW_RATING2,SHOW_RATING3,SHOW_BLOG,NAME2,SEARCH2,AMOUNT1,AMOUNT2,AMOUNT3,JSP_URL,COLOR) VALUES
	 (100728482950021305,'New arrivals section 1','<r> New arrivals section -  Search possibilities of Internet shop </r>',NULL,0.0,1,NULL,NULL,NULL,NULL,1,NULL,NULL,NULL,NULL,NULL,NULL,NULL,2,NULL,NULL,-1,NULL,NULL,NULL,NULL,'2024-02-26 04:25:13',NULL,0,0,NULL,NULL,'<r> 1. For high-grade work CMS Business One, you need to adjust the expanded search in criteria </r><r> under the problems. It will allow your clients to find at once the necessary goods, the information or the document. </r><r> 2. It is not necessary to adjust search in the text, it works by default. </r><r> 3. (Only at registered users) it is not necessary to adjust search in the subject authority, it works by default. </r><r> the Instruction on adjustment of the expanded search on criteria </r><r> Our system provides 10 edited criteria and search in the price </r><r> Editing of criteria is made in the form of addition of the information module in subsection INSTALLATION of CRITERIA FOR SEARCH of THIS INFORMATION ON the SITE. </r><r> Criteria can be independent. For example: the Manufacturer, an engineering Kind, Colour - all these criteria are independent from each other. </r><r> And can be dependent on any criterion. For example: the Country-city-area. Here the criterion the Country - independent, criterion the City depends on criterion the Country, and criterion Area the City depends on criterion. </r><r> </r><r> Dependence of criterion which you change, is advanced by a horizontal pink strip. The changeable criterion depends on the criterion allocated with a pink strip. </r><r> the Step-by-step description of input of independent criterion: </r><r> we Will assume that we need to enter criterion the Manufacturer with its items. </r><r> 1. We allocate the necessary criterion with a pink strip, for example Kriterij1 </r><r> 2. We press the button to CHANGE. The form for change of Kriterija1 will open. </r><r> 3. In the top part of the form we change the name Kriterij1 on the Manufacturer and we press the button to CHANGE. Now our criterion on main page will be called the Manufacturer. </r><r> 4. In the bottom part of the form it is visible it is not chosen - this record is not edited and DOES NOT LEAVE. </r><r> 5. To add an item in criterion, we press the button to ADD. To opened form we write the necessary item, for example Proizvoditel1, and we press the button to SAVE. Other items it is got similarly. </r><r> For removal or editing of an item of criterion use respective buttons opposite to an item. </r><r> </r><r> Other independent criteria it is got similarly. Look items 1-5 </r><r> </r><r> the Step-by-step description of input of dependent criterion: </r><r> we Will assume that at us the independent criterion the Country with the items is already entered and we need to enter dependent criterion the City. </r><r> 1. We allocate with a pink strip criterion on which our criterion the City, in this case criterion the Country will depend. </r><r> Strana1 Is chosen in criterion the Country the necessary item, for example. </r><r> 2. Opposite to criterion the City we press the button to CHANGE. The form for criterion change will open. </r><r> 3. In the top part of the form we change the criterion name for the City and we press the button to CHANGE. </r><r> 4. We get the necessary items Gorod1-1, Gorod1-2 etc., corresponding to the chosen item Strana1. </r><r> If it is necessary to continue input of cities on other countries we come back to criterion the Country and we choose an item Strana2. </r><r> Further we pass to item 2 etc. </r><r> </r><r> If at you quantity of criteria less than ten the remained criteria can be hidden, by removal of the name of criterion. </r>',2,NULL,0,NULL,NULL,NULL,NULL,NULL,NULL,NULL,NULL,NULL,NULL,0,'2024-02-26 04:25:13',NULL,NULL,NULL,NULL,NULL,NULL,0,0,0,0,0,0,0,0,0,0,0,0,0,NULL,NULL,0.0,0.0,0.0,NULL,NULL),
	 (100728482950021306,'New arrovals ','<r> Discussion of the goods, service, news </r>',NULL,0.0,1,NULL,NULL,NULL,NULL,1,NULL,NULL,NULL,NULL,NULL,NULL,NULL,2,NULL,NULL,-1,NULL,NULL,NULL,NULL,'2024-02-26 04:25:13',NULL,0,0,NULL,NULL,'<r>We have built in a forum ours CMS Business One. </r><r>For each information or news module the discussion system </r><r> the discussion System can be included or switched off for each concrete module. </r><r> All new messages gather in С‚РѕРї on main page for the review of fresh discussions </r><r> </r><r> forum Inclusion is made in the form of addition of the information or news module by an option choice to INCLUDE DISCUSSION. </r><r> By default the forum is switched off. </r>',2,NULL,0,NULL,NULL,NULL,NULL,NULL,NULL,NULL,NULL,NULL,NULL,0,'2024-02-26 04:25:13',NULL,NULL,NULL,NULL,NULL,NULL,0,0,0,0,0,0,0,0,0,0,0,0,0,NULL,NULL,0.0,0.0,0.0,NULL,NULL),
	 (100728482950021307,'New arrovals 2','<r> News module of Internet shop </r>',NULL,0.0,1,NULL,NULL,NULL,NULL,1,NULL,NULL,NULL,NULL,NULL,NULL,NULL,2,NULL,NULL,-1,NULL,NULL,NULL,NULL,'2024-02-26 04:25:13',NULL,0,0,NULL,NULL,'<r>We have established the news module in Internet shop </r><r> Novosnoj the module displays the text, a picture and addition date. </r><r> the Module of news appears on all pages in all sections. </r><r> your news does not remain not noticed where there would be no your client. </r><r> </r><r> the Instruction on addition of the news module: </r><r> 1. To come into MANAGEMENT of the SITE having pressed the button to UPDATE. </r><r> 2. To press to ADD the INFORMATION MODULE With SEARCH IN CRITERIA. </r><r> 3. We find subsection the FORM of ADDITION OR INFORMATION CHANGE. </r><r> 4. In the field HEADING we write heading. </r><r> 5. In the field CHOSEN SECTION we choose NEWS. </r><r> 6. In the field IN OTHER LANGUAGE FOR SEARCH of anything it is not necessary to enter HEADING. Is in working out. </r><r> 8. In the field the PRICE the price not to mark, keep a zero. </r><r> 9. In the field the BRIEF INFORMATION is written a brief information on news. </r><r> 11. In the field the DETAILED INFORMATION is written the detailed information of news. </r><r> 13. At an option choice to INCLUDE VOTING, your news has a voting. By default this option is switched off. </r><r> 14. At an option choice to INCLUDE DISCUSSION, your news has a forum. By default this option is switched off. </r><r> 15. In an option I APPROVE the significance should be established is published. </r><r> 16. Enter from a picture a code. </r><r> 17. Press the button to SAVE. </r>',2,NULL,0,NULL,NULL,NULL,NULL,NULL,NULL,NULL,NULL,NULL,NULL,0,'2024-02-26 04:25:13',NULL,NULL,NULL,NULL,NULL,NULL,0,0,0,0,0,0,0,0,0,0,0,0,0,NULL,NULL,0.0,0.0,0.0,NULL,NULL),
	 (100728482950021308,'Advertising','<r> Advertising place in Internet shop </r>',NULL,0.0,1,NULL,NULL,NULL,NULL,1,NULL,NULL,NULL,NULL,NULL,NULL,NULL,2,NULL,NULL,-1,NULL,NULL,NULL,NULL,'2024-02-26 04:25:13',NULL,0,0,NULL,NULL,'<r>We have built in for you advertising blocks that you could sell the space in your Internet shop. </r><r> On the right and to the left of the central block advertising modules </r>',2,NULL,0,NULL,NULL,NULL,NULL,NULL,NULL,NULL,NULL,NULL,NULL,0,'2024-02-26 04:25:13',NULL,NULL,NULL,NULL,NULL,NULL,0,0,0,0,0,0,0,0,0,0,0,0,0,NULL,NULL,0.0,0.0,0.0,NULL,NULL),
	 (100728482950021309,'Internet shop','<r>Reference to your Internet shop </r>',NULL,0.0,1,NULL,NULL,NULL,NULL,1,NULL,NULL,NULL,NULL,NULL,NULL,NULL,2,NULL,NULL,-1,NULL,NULL,NULL,NULL,'2024-02-26 04:25:13',NULL,0,0,NULL,NULL,'<r> your Internet shop is accessible  by link http://www.siteforyou.com/Productlist.jsp?site=2</r><r> also you can buy domain here </r><r> Save somewhere this information. </r>',2,NULL,0,NULL,NULL,NULL,NULL,NULL,NULL,NULL,NULL,NULL,NULL,0,'2024-02-26 04:25:13',NULL,NULL,NULL,NULL,NULL,NULL,0,0,0,0,0,0,0,0,0,0,0,0,0,NULL,NULL,0.0,0.0,0.0,NULL,NULL),
	 (100728482950021310,'Information module','<r> In the information module  you can  place  the text, to place  images on forms with short and detailed description  and attach files, to set a price, and also to include voting or a forum for each concrete information module. </r>',NULL,0.0,1,NULL,NULL,3,NULL,1,NULL,NULL,NULL,NULL,NULL,NULL,NULL,2,NULL,NULL,-2,NULL,NULL,NULL,NULL,'2024-02-26 04:25:13',NULL,0,0,NULL,NULL,'<r> </r><r> In the information module  you can  place  the text, to place  images on forms with short and detailed description  and attach files, to set a price, and also to include voting or a forum for each concrete information module. </r><r> the Instruction on addition of the information module: </r><r> 1. To come into MANAGEMENT of the SITE having pressed the button to UPDATE. </r><r> 2. To press (To add the information, the goods, news in the central module with search in criteria)  </r><r> 3. We find subsection ( Form for an institution or information change on a site ). </r><r> 4. In the field HEADING we will write heading. </r><r> 5. In the field CHOSEN SECTION you can chose a section  where is place of  information module.If section is not exist then add new section in (Form for catalogue construction ) for detail see creation catalog. </r><r> 6. In the field IN OTHER LANGUAGE FOR SEARCH of anything it is not necessary to enter HEADING. Is in working out. </r><r> 7. In the field PICTURE 1 it is given the chance to add the image on page with the short description. The image can be added in two methods: UPLOAD PICTURE 1 FOR SHORT - upload from the computer of the user, PICTURE 1 FROM BASE - to choose from present base. The image uploading in any formats which are supported by your browser. The maximum size of the image 1,5 Mb. </r><r> 8. If you mark the price in the field the PRICE it is displayed. If the price is not necessary to you, keep a zero. </r><r> 9. In the field the BRIEF INFORMATION is written goods or service brief information. </r><r> 10. In the field PICTURE 2 it is given the chance to add the image on page with detailed description. The image can be added in two methods: UPLOAD PICTURE 2 FOR DETAILED - upload from the computer of the user, PICTURE 2 FROM BASE - to choose from present base. The image uploading in any formats which are supported by your browser. The maximum size of the image 1,5 Mb. </r><r> 11. In the field the DETAILED INFORMATION is written the detailed information of the goods or service. </r><r> 12. In the field ATTACH the FILE you can to attach a file in two methods: UPLOAD the FILE - upload from the computer of the user to CHOOSE the FILE - to choose from present base. A file uploading in any format which supports your browser. The maximum size of a file. 1,5 Mb. </r><r> 13. At an option choice to INCLUDE VOTING, your information module has a voting. By default this option is switched off. </r><r> 14. At an option choice to INCLUDE DISCUSSION, your information module has a forum. By default this option is switched off. </r><r> 15. In an option I APPROVE, if choose it is published, the information module will be displayed only in the catalogue. If will choose to SHOW ON MAIN PAGE this module will be displayed both in the catalogue and on main page. </r><r> 16. Enter from a picture a code. </r><r> 17. Press the button to SAVE. </r>',2,NULL,0,NULL,NULL,NULL,NULL,NULL,NULL,NULL,NULL,NULL,NULL,0,'2024-02-26 04:25:13',NULL,NULL,NULL,NULL,NULL,NULL,0,0,0,0,0,0,0,0,0,0,0,0,0,NULL,NULL,0.0,0.0,0.0,NULL,NULL),
	 (100728482950021311,'Information module','<r> In the information module  you can  place  the text, to place  images on forms with short and detailed description  and attach files, to set a price, and also to include voting or a forum for each concrete information module. </r>',NULL,0.0,1,NULL,NULL,3,NULL,1,NULL,NULL,NULL,NULL,NULL,NULL,NULL,2,NULL,NULL,-2,NULL,NULL,NULL,NULL,'2024-02-26 04:25:13',NULL,0,0,NULL,NULL,'<r> </r><r> In the information module  you can  place  the text, to place  images on forms with short and detailed description  and attach files, to set a price, and also to include voting or a forum for each concrete information module. </r><r> the Instruction on addition of the information module: </r><r> 1. To come into MANAGEMENT of the SITE having pressed the button to UPDATE. </r><r> 2. To press (To add the information, the goods, news in the central module with search in criteria)  </r><r> 3. We find subsection ( Form for an institution or information change on a site ). </r><r> 4. In the field HEADING we will write heading. </r><r> 5. In the field CHOSEN SECTION you can chose a section  where is place of  information module.If section is not exist then add new section in (Form for catalogue construction ) for detail see creation catalog. </r><r> 6. In the field IN OTHER LANGUAGE FOR SEARCH of anything it is not necessary to enter HEADING. Is in working out. </r><r> 7. In the field PICTURE 1 it is given the chance to add the image on page with the short description. The image can be added in two methods: UPLOAD PICTURE 1 FOR SHORT - upload from the computer of the user, PICTURE 1 FROM BASE - to choose from present base. The image uploading in any formats which are supported by your browser. The maximum size of the image 1,5 Mb. </r><r> 8. If you mark the price in the field the PRICE it is displayed. If the price is not necessary to you, keep a zero. </r><r> 9. In the field the BRIEF INFORMATION is written goods or service brief information. </r><r> 10. In the field PICTURE 2 it is given the chance to add the image on page with detailed description. The image can be added in two methods: UPLOAD PICTURE 2 FOR DETAILED - upload from the computer of the user, PICTURE 2 FROM BASE - to choose from present base. The image uploading in any formats which are supported by your browser. The maximum size of the image 1,5 Mb. </r><r> 11. In the field the DETAILED INFORMATION is written the detailed information of the goods or service. </r><r> 12. In the field ATTACH the FILE you can to attach a file in two methods: UPLOAD the FILE - upload from the computer of the user to CHOOSE the FILE - to choose from present base. A file uploading in any format which supports your browser. The maximum size of a file. 1,5 Mb. </r><r> 13. At an option choice to INCLUDE VOTING, your information module has a voting. By default this option is switched off. </r><r> 14. At an option choice to INCLUDE DISCUSSION, your information module has a forum. By default this option is switched off. </r><r> 15. In an option I APPROVE, if choose it is published, the information module will be displayed only in the catalogue. If will choose to SHOW ON MAIN PAGE this module will be displayed both in the catalogue and on main page. </r><r> 16. Enter from a picture a code. </r><r> 17. Press the button to SAVE. </r>',2,NULL,0,NULL,NULL,NULL,NULL,NULL,NULL,NULL,NULL,NULL,NULL,0,'2024-02-26 04:25:13',NULL,NULL,NULL,NULL,NULL,NULL,0,0,0,0,0,0,0,0,0,0,0,0,0,NULL,NULL,0.0,0.0,0.0,NULL,NULL),
	 (100728482950021312,'Information module','<r> In the information module  you can  place  the text, to place  images on forms with short and detailed description  and attach files, to set a price, and also to include voting or a forum for each concrete information module. </r>',NULL,0.0,1,NULL,NULL,3,NULL,1,NULL,NULL,NULL,NULL,NULL,NULL,NULL,2,NULL,NULL,-2,NULL,NULL,NULL,NULL,'2024-02-26 04:25:13',NULL,0,0,NULL,NULL,'<r> </r><r> In the information module  you can  place  the text, to place  images on forms with short and detailed description  and attach files, to set a price, and also to include voting or a forum for each concrete information module. </r><r> the Instruction on addition of the information module: </r><r> 1. To come into MANAGEMENT of the SITE having pressed the button to UPDATE. </r><r> 2. To press (To add the information, the goods, news in the central module with search in criteria)  </r><r> 3. We find subsection ( Form for an institution or information change on a site ). </r><r> 4. In the field HEADING we will write heading. </r><r> 5. In the field CHOSEN SECTION you can chose a section  where is place of  information module.If section is not exist then add new section in (Form for catalogue construction ) for detail see creation catalog. </r><r> 6. In the field IN OTHER LANGUAGE FOR SEARCH of anything it is not necessary to enter HEADING. Is in working out. </r><r> 7. In the field PICTURE 1 it is given the chance to add the image on page with the short description. The image can be added in two methods: UPLOAD PICTURE 1 FOR SHORT - upload from the computer of the user, PICTURE 1 FROM BASE - to choose from present base. The image uploading in any formats which are supported by your browser. The maximum size of the image 1,5 Mb. </r><r> 8. If you mark the price in the field the PRICE it is displayed. If the price is not necessary to you, keep a zero. </r><r> 9. In the field the BRIEF INFORMATION is written goods or service brief information. </r><r> 10. In the field PICTURE 2 it is given the chance to add the image on page with detailed description. The image can be added in two methods: UPLOAD PICTURE 2 FOR DETAILED - upload from the computer of the user, PICTURE 2 FROM BASE - to choose from present base. The image uploading in any formats which are supported by your browser. The maximum size of the image 1,5 Mb. </r><r> 11. In the field the DETAILED INFORMATION is written the detailed information of the goods or service. </r><r> 12. In the field ATTACH the FILE you can to attach a file in two methods: UPLOAD the FILE - upload from the computer of the user to CHOOSE the FILE - to choose from present base. A file uploading in any format which supports your browser. The maximum size of a file. 1,5 Mb. </r><r> 13. At an option choice to INCLUDE VOTING, your information module has a voting. By default this option is switched off. </r><r> 14. At an option choice to INCLUDE DISCUSSION, your information module has a forum. By default this option is switched off. </r><r> 15. In an option I APPROVE, if choose it is published, the information module will be displayed only in the catalogue. If will choose to SHOW ON MAIN PAGE this module will be displayed both in the catalogue and on main page. </r><r> 16. Enter from a picture a code. </r><r> 17. Press the button to SAVE. </r>',2,NULL,0,NULL,NULL,NULL,NULL,NULL,NULL,NULL,NULL,NULL,NULL,0,'2024-02-26 04:25:13',NULL,NULL,NULL,NULL,NULL,NULL,0,0,0,0,0,0,0,0,0,0,0,0,0,NULL,NULL,0.0,0.0,0.0,NULL,NULL),
	 (100728482950021313,'Information module','<r> In the information module  you can  place  the text, to place  images on forms with short and detailed description  and attach files, to set a price, and also to include voting or a forum for each concrete information module. </r>',NULL,0.0,1,NULL,NULL,3,NULL,1,NULL,NULL,NULL,NULL,NULL,NULL,NULL,2,NULL,NULL,-2,NULL,NULL,NULL,NULL,'2024-02-26 04:25:13',NULL,0,0,NULL,NULL,'<r> </r><r> In the information module  you can  place  the text, to place  images on forms with short and detailed description  and attach files, to set a price, and also to include voting or a forum for each concrete information module. </r><r> the Instruction on addition of the information module: </r><r> 1. To come into MANAGEMENT of the SITE having pressed the button to UPDATE. </r><r> 2. To press (To add the information, the goods, news in the central module with search in criteria)  </r><r> 3. We find subsection ( Form for an institution or information change on a site ). </r><r> 4. In the field HEADING we will write heading. </r><r> 5. In the field CHOSEN SECTION you can chose a section  where is place of  information module.If section is not exist then add new section in (Form for catalogue construction ) for detail see creation catalog. </r><r> 6. In the field IN OTHER LANGUAGE FOR SEARCH of anything it is not necessary to enter HEADING. Is in working out. </r><r> 7. In the field PICTURE 1 it is given the chance to add the image on page with the short description. The image can be added in two methods: UPLOAD PICTURE 1 FOR SHORT - upload from the computer of the user, PICTURE 1 FROM BASE - to choose from present base. The image uploading in any formats which are supported by your browser. The maximum size of the image 1,5 Mb. </r><r> 8. If you mark the price in the field the PRICE it is displayed. If the price is not necessary to you, keep a zero. </r><r> 9. In the field the BRIEF INFORMATION is written goods or service brief information. </r><r> 10. In the field PICTURE 2 it is given the chance to add the image on page with detailed description. The image can be added in two methods: UPLOAD PICTURE 2 FOR DETAILED - upload from the computer of the user, PICTURE 2 FROM BASE - to choose from present base. The image uploading in any formats which are supported by your browser. The maximum size of the image 1,5 Mb. </r><r> 11. In the field the DETAILED INFORMATION is written the detailed information of the goods or service. </r><r> 12. In the field ATTACH the FILE you can to attach a file in two methods: UPLOAD the FILE - upload from the computer of the user to CHOOSE the FILE - to choose from present base. A file uploading in any format which supports your browser. The maximum size of a file. 1,5 Mb. </r><r> 13. At an option choice to INCLUDE VOTING, your information module has a voting. By default this option is switched off. </r><r> 14. At an option choice to INCLUDE DISCUSSION, your information module has a forum. By default this option is switched off. </r><r> 15. In an option I APPROVE, if choose it is published, the information module will be displayed only in the catalogue. If will choose to SHOW ON MAIN PAGE this module will be displayed both in the catalogue and on main page. </r><r> 16. Enter from a picture a code. </r><r> 17. Press the button to SAVE. </r>',2,NULL,0,NULL,NULL,NULL,NULL,NULL,NULL,NULL,NULL,NULL,NULL,0,'2024-02-26 04:25:13',NULL,NULL,NULL,NULL,NULL,NULL,0,0,0,0,0,0,0,0,0,0,0,0,0,NULL,NULL,0.0,0.0,0.0,NULL,NULL),
	 (100728482950021314,'Information module','<r> In the information module  you can  place  the text, to place  images on forms with short and detailed description  and attach files, to set a price, and also to include voting or a forum for each concrete information module. </r>',NULL,0.0,1,NULL,NULL,3,NULL,1,NULL,NULL,NULL,NULL,NULL,NULL,NULL,2,NULL,NULL,-2,NULL,NULL,NULL,NULL,'2024-02-26 04:25:13',NULL,0,0,NULL,NULL,'<r> </r><r> In the information module  you can  place  the text, to place  images on forms with short and detailed description  and attach files, to set a price, and also to include voting or a forum for each concrete information module. </r><r> the Instruction on addition of the information module: </r><r> 1. To come into MANAGEMENT of the SITE having pressed the button to UPDATE. </r><r> 2. To press (To add the information, the goods, news in the central module with search in criteria)  </r><r> 3. We find subsection ( Form for an institution or information change on a site ). </r><r> 4. In the field HEADING we will write heading. </r><r> 5. In the field CHOSEN SECTION you can chose a section  where is place of  information module.If section is not exist then add new section in (Form for catalogue construction ) for detail see creation catalog. </r><r> 6. In the field IN OTHER LANGUAGE FOR SEARCH of anything it is not necessary to enter HEADING. Is in working out. </r><r> 7. In the field PICTURE 1 it is given the chance to add the image on page with the short description. The image can be added in two methods: UPLOAD PICTURE 1 FOR SHORT - upload from the computer of the user, PICTURE 1 FROM BASE - to choose from present base. The image uploading in any formats which are supported by your browser. The maximum size of the image 1,5 Mb. </r><r> 8. If you mark the price in the field the PRICE it is displayed. If the price is not necessary to you, keep a zero. </r><r> 9. In the field the BRIEF INFORMATION is written goods or service brief information. </r><r> 10. In the field PICTURE 2 it is given the chance to add the image on page with detailed description. The image can be added in two methods: UPLOAD PICTURE 2 FOR DETAILED - upload from the computer of the user, PICTURE 2 FROM BASE - to choose from present base. The image uploading in any formats which are supported by your browser. The maximum size of the image 1,5 Mb. </r><r> 11. In the field the DETAILED INFORMATION is written the detailed information of the goods or service. </r><r> 12. In the field ATTACH the FILE you can to attach a file in two methods: UPLOAD the FILE - upload from the computer of the user to CHOOSE the FILE - to choose from present base. A file uploading in any format which supports your browser. The maximum size of a file. 1,5 Mb. </r><r> 13. At an option choice to INCLUDE VOTING, your information module has a voting. By default this option is switched off. </r><r> 14. At an option choice to INCLUDE DISCUSSION, your information module has a forum. By default this option is switched off. </r><r> 15. In an option I APPROVE, if choose it is published, the information module will be displayed only in the catalogue. If will choose to SHOW ON MAIN PAGE this module will be displayed both in the catalogue and on main page. </r><r> 16. Enter from a picture a code. </r><r> 17. Press the button to SAVE. </r>',2,NULL,0,NULL,NULL,NULL,NULL,NULL,NULL,NULL,NULL,NULL,NULL,0,'2024-02-26 04:25:13',NULL,NULL,NULL,NULL,NULL,NULL,0,0,0,0,0,0,0,0,0,0,0,0,0,NULL,NULL,0.0,0.0,0.0,NULL,NULL);
INSERT INTO cmsdb.soft (SOFT_ID,NAME,DESCRIPTION,VERSION,COST,CURRENCY,SERIAL_NUBMER,FILE_ID,TYPE_ID,LEVELUP,ACTIVE,USER_ID,PHONETYPE_ID,PROGNAME_ID,IMAGE_ID,BIGIMAGE_ID,WEIGHT,COUNT,LANG_ID,PHONEMODEL_ID,LICENCE_ID,CATALOG_ID,SALELOGIC_ID,TREE_ID,CARD_NUMBER,CARD_CODE,START_DIAL_TIME,END_DIAL_TIME,START_ACTIVATION_CARD,END_ACTIVATION_CARD,TYPE_CARD_ID,PRODUCT_CODE,FULLDESCRIPTION,SITE_ID,`SEARCH`,PORTLETTYPE_ID,CRETERIA1_ID,CRETERIA2_ID,CRETERIA3_ID,CRETERIA4_ID,CRETERIA5_ID,CRETERIA6_ID,CRETERIA7_ID,CRETERIA8_ID,CRETERIA9_ID,CRETERIA10_ID,STATISTIC_ID,CDATE,CRETERIA11_ID,CRETERIA12_ID,CRETERIA13_ID,CRETERIA14_ID,CRETERIA15_ID,SQUARE,RATING_SUMM1,RATING_SUMM2,RATING_SUMM3,COUNTPOST_RATING1,COUNTPOST_RATING2,COUNTPOST_RATING3,MIDLE_BAL1,MIDLE_BAL2,MIDLE_BAL3,SHOW_RATING1,SHOW_RATING2,SHOW_RATING3,SHOW_BLOG,NAME2,SEARCH2,AMOUNT1,AMOUNT2,AMOUNT3,JSP_URL,COLOR) VALUES
	 (100728482950021315,'Information module','<r> In the information module  you can  place  the text, to place  images on forms with short and detailed description  and attach files, to set a price, and also to include voting or a forum for each concrete information module. </r>',NULL,0.0,1,NULL,NULL,3,NULL,1,NULL,NULL,NULL,NULL,NULL,NULL,NULL,2,NULL,NULL,-2,NULL,NULL,NULL,NULL,'2024-02-26 04:25:13',NULL,0,0,NULL,NULL,'<r> </r><r> In the information module  you can  place  the text, to place  images on forms with short and detailed description  and attach files, to set a price, and also to include voting or a forum for each concrete information module. </r><r> the Instruction on addition of the information module: </r><r> 1. To come into MANAGEMENT of the SITE having pressed the button to UPDATE. </r><r> 2. To press (To add the information, the goods, news in the central module with search in criteria)  </r><r> 3. We find subsection ( Form for an institution or information change on a site ). </r><r> 4. In the field HEADING we will write heading. </r><r> 5. In the field CHOSEN SECTION you can chose a section  where is place of  information module.If section is not exist then add new section in (Form for catalogue construction ) for detail see creation catalog. </r><r> 6. In the field IN OTHER LANGUAGE FOR SEARCH of anything it is not necessary to enter HEADING. Is in working out. </r><r> 7. In the field PICTURE 1 it is given the chance to add the image on page with the short description. The image can be added in two methods: UPLOAD PICTURE 1 FOR SHORT - upload from the computer of the user, PICTURE 1 FROM BASE - to choose from present base. The image uploading in any formats which are supported by your browser. The maximum size of the image 1,5 Mb. </r><r> 8. If you mark the price in the field the PRICE it is displayed. If the price is not necessary to you, keep a zero. </r><r> 9. In the field the BRIEF INFORMATION is written goods or service brief information. </r><r> 10. In the field PICTURE 2 it is given the chance to add the image on page with detailed description. The image can be added in two methods: UPLOAD PICTURE 2 FOR DETAILED - upload from the computer of the user, PICTURE 2 FROM BASE - to choose from present base. The image uploading in any formats which are supported by your browser. The maximum size of the image 1,5 Mb. </r><r> 11. In the field the DETAILED INFORMATION is written the detailed information of the goods or service. </r><r> 12. In the field ATTACH the FILE you can to attach a file in two methods: UPLOAD the FILE - upload from the computer of the user to CHOOSE the FILE - to choose from present base. A file uploading in any format which supports your browser. The maximum size of a file. 1,5 Mb. </r><r> 13. At an option choice to INCLUDE VOTING, your information module has a voting. By default this option is switched off. </r><r> 14. At an option choice to INCLUDE DISCUSSION, your information module has a forum. By default this option is switched off. </r><r> 15. In an option I APPROVE, if choose it is published, the information module will be displayed only in the catalogue. If will choose to SHOW ON MAIN PAGE this module will be displayed both in the catalogue and on main page. </r><r> 16. Enter from a picture a code. </r><r> 17. Press the button to SAVE. </r>',2,NULL,0,NULL,NULL,NULL,NULL,NULL,NULL,NULL,NULL,NULL,NULL,0,'2024-02-26 04:25:13',NULL,NULL,NULL,NULL,NULL,NULL,0,0,0,0,0,0,0,0,0,0,0,0,0,NULL,NULL,0.0,0.0,0.0,NULL,NULL),
	 (100728482950021316,'Information module','<r> In the information module  you can  place  the text, to place  images on forms with short and detailed description  and attach files, to set a price, and also to include voting or a forum for each concrete information module. </r>',NULL,0.0,1,NULL,NULL,3,NULL,1,NULL,NULL,NULL,NULL,NULL,NULL,NULL,2,NULL,NULL,-2,NULL,NULL,NULL,NULL,'2024-02-26 04:25:13',NULL,0,0,NULL,NULL,'<r> </r><r> In the information module  you can  place  the text, to place  images on forms with short and detailed description  and attach files, to set a price, and also to include voting or a forum for each concrete information module. </r><r> the Instruction on addition of the information module: </r><r> 1. To come into MANAGEMENT of the SITE having pressed the button to UPDATE. </r><r> 2. To press (To add the information, the goods, news in the central module with search in criteria)  </r><r> 3. We find subsection ( Form for an institution or information change on a site ). </r><r> 4. In the field HEADING we will write heading. </r><r> 5. In the field CHOSEN SECTION you can chose a section  where is place of  information module.If section is not exist then add new section in (Form for catalogue construction ) for detail see creation catalog. </r><r> 6. In the field IN OTHER LANGUAGE FOR SEARCH of anything it is not necessary to enter HEADING. Is in working out. </r><r> 7. In the field PICTURE 1 it is given the chance to add the image on page with the short description. The image can be added in two methods: UPLOAD PICTURE 1 FOR SHORT - upload from the computer of the user, PICTURE 1 FROM BASE - to choose from present base. The image uploading in any formats which are supported by your browser. The maximum size of the image 1,5 Mb. </r><r> 8. If you mark the price in the field the PRICE it is displayed. If the price is not necessary to you, keep a zero. </r><r> 9. In the field the BRIEF INFORMATION is written goods or service brief information. </r><r> 10. In the field PICTURE 2 it is given the chance to add the image on page with detailed description. The image can be added in two methods: UPLOAD PICTURE 2 FOR DETAILED - upload from the computer of the user, PICTURE 2 FROM BASE - to choose from present base. The image uploading in any formats which are supported by your browser. The maximum size of the image 1,5 Mb. </r><r> 11. In the field the DETAILED INFORMATION is written the detailed information of the goods or service. </r><r> 12. In the field ATTACH the FILE you can to attach a file in two methods: UPLOAD the FILE - upload from the computer of the user to CHOOSE the FILE - to choose from present base. A file uploading in any format which supports your browser. The maximum size of a file. 1,5 Mb. </r><r> 13. At an option choice to INCLUDE VOTING, your information module has a voting. By default this option is switched off. </r><r> 14. At an option choice to INCLUDE DISCUSSION, your information module has a forum. By default this option is switched off. </r><r> 15. In an option I APPROVE, if choose it is published, the information module will be displayed only in the catalogue. If will choose to SHOW ON MAIN PAGE this module will be displayed both in the catalogue and on main page. </r><r> 16. Enter from a picture a code. </r><r> 17. Press the button to SAVE. </r>',2,NULL,0,NULL,NULL,NULL,NULL,NULL,NULL,NULL,NULL,NULL,NULL,0,'2024-02-26 04:25:13',NULL,NULL,NULL,NULL,NULL,NULL,0,0,0,0,0,0,0,0,0,0,0,0,0,NULL,NULL,0.0,0.0,0.0,NULL,NULL),
	 (100728482950021317,'Information module','<r> In the information module  you can  place  the text, to place  images on forms with short and detailed description  and attach files, to set a price, and also to include voting or a forum for each concrete information module. </r>',NULL,0.0,1,NULL,NULL,3,NULL,1,NULL,NULL,NULL,NULL,NULL,NULL,NULL,2,NULL,NULL,-2,NULL,NULL,NULL,NULL,'2024-02-26 04:25:13',NULL,0,0,NULL,NULL,'<r> </r><r> In the information module  you can  place  the text, to place  images on forms with short and detailed description  and attach files, to set a price, and also to include voting or a forum for each concrete information module. </r><r> the Instruction on addition of the information module: </r><r> 1. To come into MANAGEMENT of the SITE having pressed the button to UPDATE. </r><r> 2. To press (To add the information, the goods, news in the central module with search in criteria)  </r><r> 3. We find subsection ( Form for an institution or information change on a site ). </r><r> 4. In the field HEADING we will write heading. </r><r> 5. In the field CHOSEN SECTION you can chose a section  where is place of  information module.If section is not exist then add new section in (Form for catalogue construction ) for detail see creation catalog. </r><r> 6. In the field IN OTHER LANGUAGE FOR SEARCH of anything it is not necessary to enter HEADING. Is in working out. </r><r> 7. In the field PICTURE 1 it is given the chance to add the image on page with the short description. The image can be added in two methods: UPLOAD PICTURE 1 FOR SHORT - upload from the computer of the user, PICTURE 1 FROM BASE - to choose from present base. The image uploading in any formats which are supported by your browser. The maximum size of the image 1,5 Mb. </r><r> 8. If you mark the price in the field the PRICE it is displayed. If the price is not necessary to you, keep a zero. </r><r> 9. In the field the BRIEF INFORMATION is written goods or service brief information. </r><r> 10. In the field PICTURE 2 it is given the chance to add the image on page with detailed description. The image can be added in two methods: UPLOAD PICTURE 2 FOR DETAILED - upload from the computer of the user, PICTURE 2 FROM BASE - to choose from present base. The image uploading in any formats which are supported by your browser. The maximum size of the image 1,5 Mb. </r><r> 11. In the field the DETAILED INFORMATION is written the detailed information of the goods or service. </r><r> 12. In the field ATTACH the FILE you can to attach a file in two methods: UPLOAD the FILE - upload from the computer of the user to CHOOSE the FILE - to choose from present base. A file uploading in any format which supports your browser. The maximum size of a file. 1,5 Mb. </r><r> 13. At an option choice to INCLUDE VOTING, your information module has a voting. By default this option is switched off. </r><r> 14. At an option choice to INCLUDE DISCUSSION, your information module has a forum. By default this option is switched off. </r><r> 15. In an option I APPROVE, if choose it is published, the information module will be displayed only in the catalogue. If will choose to SHOW ON MAIN PAGE this module will be displayed both in the catalogue and on main page. </r><r> 16. Enter from a picture a code. </r><r> 17. Press the button to SAVE. </r>',2,NULL,0,NULL,NULL,NULL,NULL,NULL,NULL,NULL,NULL,NULL,NULL,0,'2024-02-26 04:25:13',NULL,NULL,NULL,NULL,NULL,NULL,0,0,0,0,0,0,0,0,0,0,0,0,0,NULL,NULL,0.0,0.0,0.0,NULL,NULL),
	 (100728482950021318,'Information module','<r> In the information module  you can  place  the text, to place  images on forms with short and detailed description  and attach files, to set a price, and also to include voting or a forum for each concrete information module. </r>',NULL,0.0,1,NULL,NULL,3,NULL,1,NULL,NULL,NULL,NULL,NULL,NULL,NULL,2,NULL,NULL,-2,NULL,NULL,NULL,NULL,'2024-02-26 04:25:13',NULL,0,0,NULL,NULL,'<r> </r><r> In the information module  you can  place  the text, to place  images on forms with short and detailed description  and attach files, to set a price, and also to include voting or a forum for each concrete information module. </r><r> the Instruction on addition of the information module: </r><r> 1. To come into MANAGEMENT of the SITE having pressed the button to UPDATE. </r><r> 2. To press (To add the information, the goods, news in the central module with search in criteria)  </r><r> 3. We find subsection ( Form for an institution or information change on a site ). </r><r> 4. In the field HEADING we will write heading. </r><r> 5. In the field CHOSEN SECTION you can chose a section  where is place of  information module.If section is not exist then add new section in (Form for catalogue construction ) for detail see creation catalog. </r><r> 6. In the field IN OTHER LANGUAGE FOR SEARCH of anything it is not necessary to enter HEADING. Is in working out. </r><r> 7. In the field PICTURE 1 it is given the chance to add the image on page with the short description. The image can be added in two methods: UPLOAD PICTURE 1 FOR SHORT - upload from the computer of the user, PICTURE 1 FROM BASE - to choose from present base. The image uploading in any formats which are supported by your browser. The maximum size of the image 1,5 Mb. </r><r> 8. If you mark the price in the field the PRICE it is displayed. If the price is not necessary to you, keep a zero. </r><r> 9. In the field the BRIEF INFORMATION is written goods or service brief information. </r><r> 10. In the field PICTURE 2 it is given the chance to add the image on page with detailed description. The image can be added in two methods: UPLOAD PICTURE 2 FOR DETAILED - upload from the computer of the user, PICTURE 2 FROM BASE - to choose from present base. The image uploading in any formats which are supported by your browser. The maximum size of the image 1,5 Mb. </r><r> 11. In the field the DETAILED INFORMATION is written the detailed information of the goods or service. </r><r> 12. In the field ATTACH the FILE you can to attach a file in two methods: UPLOAD the FILE - upload from the computer of the user to CHOOSE the FILE - to choose from present base. A file uploading in any format which supports your browser. The maximum size of a file. 1,5 Mb. </r><r> 13. At an option choice to INCLUDE VOTING, your information module has a voting. By default this option is switched off. </r><r> 14. At an option choice to INCLUDE DISCUSSION, your information module has a forum. By default this option is switched off. </r><r> 15. In an option I APPROVE, if choose it is published, the information module will be displayed only in the catalogue. If will choose to SHOW ON MAIN PAGE this module will be displayed both in the catalogue and on main page. </r><r> 16. Enter from a picture a code. </r><r> 17. Press the button to SAVE. </r>',2,NULL,0,NULL,NULL,NULL,NULL,NULL,NULL,NULL,NULL,NULL,NULL,0,'2024-02-26 04:25:13',NULL,NULL,NULL,NULL,NULL,NULL,0,0,0,0,0,0,0,0,0,0,0,0,0,NULL,NULL,0.0,0.0,0.0,NULL,NULL),
	 (100728482950021319,'Information module','<r> In the information module  you can  place  the text, to place  images on forms with short and detailed description  and attach files, to set a price, and also to include voting or a forum for each concrete information module. </r>',NULL,0.0,1,NULL,NULL,3,NULL,1,NULL,NULL,NULL,NULL,NULL,NULL,NULL,2,NULL,NULL,-2,NULL,NULL,NULL,NULL,'2024-02-26 04:25:13',NULL,0,0,NULL,NULL,'<r> </r><r> In the information module  you can  place  the text, to place  images on forms with short and detailed description  and attach files, to set a price, and also to include voting or a forum for each concrete information module. </r><r> the Instruction on addition of the information module: </r><r> 1. To come into MANAGEMENT of the SITE having pressed the button to UPDATE. </r><r> 2. To press (To add the information, the goods, news in the central module with search in criteria)  </r><r> 3. We find subsection ( Form for an institution or information change on a site ). </r><r> 4. In the field HEADING we will write heading. </r><r> 5. In the field CHOSEN SECTION you can chose a section  where is place of  information module.If section is not exist then add new section in (Form for catalogue construction ) for detail see creation catalog. </r><r> 6. In the field IN OTHER LANGUAGE FOR SEARCH of anything it is not necessary to enter HEADING. Is in working out. </r><r> 7. In the field PICTURE 1 it is given the chance to add the image on page with the short description. The image can be added in two methods: UPLOAD PICTURE 1 FOR SHORT - upload from the computer of the user, PICTURE 1 FROM BASE - to choose from present base. The image uploading in any formats which are supported by your browser. The maximum size of the image 1,5 Mb. </r><r> 8. If you mark the price in the field the PRICE it is displayed. If the price is not necessary to you, keep a zero. </r><r> 9. In the field the BRIEF INFORMATION is written goods or service brief information. </r><r> 10. In the field PICTURE 2 it is given the chance to add the image on page with detailed description. The image can be added in two methods: UPLOAD PICTURE 2 FOR DETAILED - upload from the computer of the user, PICTURE 2 FROM BASE - to choose from present base. The image uploading in any formats which are supported by your browser. The maximum size of the image 1,5 Mb. </r><r> 11. In the field the DETAILED INFORMATION is written the detailed information of the goods or service. </r><r> 12. In the field ATTACH the FILE you can to attach a file in two methods: UPLOAD the FILE - upload from the computer of the user to CHOOSE the FILE - to choose from present base. A file uploading in any format which supports your browser. The maximum size of a file. 1,5 Mb. </r><r> 13. At an option choice to INCLUDE VOTING, your information module has a voting. By default this option is switched off. </r><r> 14. At an option choice to INCLUDE DISCUSSION, your information module has a forum. By default this option is switched off. </r><r> 15. In an option I APPROVE, if choose it is published, the information module will be displayed only in the catalogue. If will choose to SHOW ON MAIN PAGE this module will be displayed both in the catalogue and on main page. </r><r> 16. Enter from a picture a code. </r><r> 17. Press the button to SAVE. </r>',2,NULL,0,NULL,NULL,NULL,NULL,NULL,NULL,NULL,NULL,NULL,NULL,0,'2024-02-26 04:25:13',NULL,NULL,NULL,NULL,NULL,NULL,0,0,0,0,0,0,0,0,0,0,0,0,0,NULL,NULL,0.0,0.0,0.0,NULL,NULL),
	 (100728482950021320,' Item review section 1 ','<r> Item review section - You can talk about  goods or news and a price of sheet on your forum.</r>',NULL,0.0,1,NULL,NULL,NULL,NULL,1,NULL,NULL,NULL,NULL,NULL,NULL,NULL,2,NULL,NULL,-2,NULL,100728482950021319,NULL,NULL,'2024-02-26 04:25:13',NULL,0,0,NULL,NULL,'<r>  The information module for main page 1.</r><r> You need to change the contents of this module to place here  your information. </r><r> For this you should enter on site under  your the password  </r><r> So you can observe buttons:  remove, edit, update (To add the new module). </r><r> In during  change of the informational unit you can put its other section .</r><r> You also can edit ,  add, delete this section name. </r><r> Also you can change parameters  criteria for search of  information  unit </r><r> For this purpose should change criteria on the form of change of the information with title (Installation of criteria for information search on a site ). </r>',2,NULL,3,NULL,NULL,NULL,NULL,NULL,NULL,NULL,NULL,NULL,NULL,0,'2024-02-26 04:25:13',NULL,NULL,NULL,NULL,NULL,NULL,0,0,0,0,0,0,0,0,0,0,0,0,0,NULL,NULL,0.0,0.0,0.0,NULL,NULL),
	 (100728482950021321,'Item review section 2 ','<r>Item review section - Thanks from Center Business Solutions Ltd  that  you using  this CMS .</r>',NULL,0.0,1,NULL,NULL,NULL,NULL,1,NULL,NULL,NULL,NULL,NULL,NULL,NULL,2,NULL,NULL,-2,NULL,100728482950021319,NULL,NULL,'2024-02-26 04:25:13',NULL,0,0,NULL,NULL,'<r> The information module for main page 1.</r><r> You need to change the contents of this module to place here  your information. </r><r> For this you should enter on site under  your the password  </r><r> So you can observe buttons:  remove, edit, update (To add the new module). </r><r> In during  change of the informational unit you can put its other section .</r><r> You also can edit ,  add, delete this section name. </r><r> Also you can change parameters  criteria for search of  information  unit </r><r> For this purpose should change criteria on the form of change of the information with title (Installation of criteria for information search on a site ). </r>',2,NULL,3,NULL,NULL,NULL,NULL,NULL,NULL,NULL,NULL,NULL,NULL,0,'2024-02-26 04:25:13',NULL,NULL,NULL,NULL,NULL,NULL,0,0,0,0,0,0,0,0,0,0,0,0,0,NULL,NULL,0.0,0.0,0.0,NULL,NULL),
	 (100728482950021322,'Information module','<r> In the information module  you can  place  the text, to place  images on forms with short and detailed description  and attach files, to set a price, and also to include voting or a forum for each concrete information module. </r>',NULL,0.0,1,NULL,NULL,NULL,NULL,1,NULL,NULL,NULL,10,10,NULL,NULL,2,NULL,NULL,-2,NULL,NULL,NULL,NULL,'2024-02-26 04:25:13',NULL,0,0,NULL,NULL,'<r> </r><r> In the information module  you can  place  the text, to place  images on forms with short and detailed description  and attach files, to set a price, and also to include voting or a forum for each concrete information module. </r><r> the Instruction on addition of the information module: </r><r> 1. To come into MANAGEMENT of the SITE having pressed the button to UPDATE. </r><r> 2. To press (To add the information, the goods, news in the central module with search in criteria)  </r><r> 3. We find subsection ( Form for an institution or information change on a site ). </r><r> 4. In the field HEADING we will write heading. </r><r> 5. In the field CHOSEN SECTION you can chose a section  where is place of  information module.If section is not exist then add new section in (Form for catalogue construction ) for detail see creation catalog. </r><r> 6. In the field IN OTHER LANGUAGE FOR SEARCH of anything it is not necessary to enter HEADING. Is in working out. </r><r> 7. In the field PICTURE 1 it is given the chance to add the image on page with the short description. The image can be added in two methods: UPLOAD PICTURE 1 FOR SHORT - upload from the computer of the user, PICTURE 1 FROM BASE - to choose from present base. The image uploading in any formats which are supported by your browser. The maximum size of the image 1,5 Mb. </r><r> 8. If you mark the price in the field the PRICE it is displayed. If the price is not necessary to you, keep a zero. </r><r> 9. In the field the BRIEF INFORMATION is written goods or service brief information. </r><r> 10. In the field PICTURE 2 it is given the chance to add the image on page with detailed description. The image can be added in two methods: UPLOAD PICTURE 2 FOR DETAILED - upload from the computer of the user, PICTURE 2 FROM BASE - to choose from present base. The image uploading in any formats which are supported by your browser. The maximum size of the image 1,5 Mb. </r><r> 11. In the field the DETAILED INFORMATION is written the detailed information of the goods or service. </r><r> 12. In the field ATTACH the FILE you can to attach a file in two methods: UPLOAD the FILE - upload from the computer of the user to CHOOSE the FILE - to choose from present base. A file uploading in any format which supports your browser. The maximum size of a file. 1,5 Mb. </r><r> 13. At an option choice to INCLUDE VOTING, your information module has a voting. By default this option is switched off. </r><r> 14. At an option choice to INCLUDE DISCUSSION, your information module has a forum. By default this option is switched off. </r><r> 15. In an option I APPROVE, if choose it is published, the information module will be displayed only in the catalogue. If will choose to SHOW ON MAIN PAGE this module will be displayed both in the catalogue and on main page. </r><r> 16. Enter from a picture a code. </r><r> 17. Press the button to SAVE. </r>',2,NULL,1,NULL,NULL,NULL,NULL,NULL,NULL,NULL,NULL,NULL,NULL,0,'2024-02-26 04:25:13',NULL,NULL,NULL,NULL,NULL,NULL,0,0,0,0,0,0,0,0,0,0,0,0,0,NULL,NULL,0.0,0.0,0.0,NULL,NULL),
	 (100728482950021323,'Information module','<r> In the information module  you can  place  the text, to place  images on forms with short and detailed description  and attach files, to set a price, and also to include voting or a forum for each concrete information module. </r>',NULL,0.0,1,NULL,NULL,NULL,NULL,1,NULL,NULL,NULL,10,10,NULL,NULL,2,NULL,NULL,-2,NULL,NULL,NULL,NULL,'2024-02-26 04:25:13',NULL,0,0,NULL,NULL,'<r> </r><r> In the information module  you can  place  the text, to place  images on forms with short and detailed description  and attach files, to set a price, and also to include voting or a forum for each concrete information module. </r><r> the Instruction on addition of the information module: </r><r> 1. To come into MANAGEMENT of the SITE having pressed the button to UPDATE. </r><r> 2. To press (To add the information, the goods, news in the central module with search in criteria)  </r><r> 3. We find subsection ( Form for an institution or information change on a site ). </r><r> 4. In the field HEADING we will write heading. </r><r> 5. In the field CHOSEN SECTION you can chose a section  where is place of  information module.If section is not exist then add new section in (Form for catalogue construction ) for detail see creation catalog. </r><r> 6. In the field IN OTHER LANGUAGE FOR SEARCH of anything it is not necessary to enter HEADING. Is in working out. </r><r> 7. In the field PICTURE 1 it is given the chance to add the image on page with the short description. The image can be added in two methods: UPLOAD PICTURE 1 FOR SHORT - upload from the computer of the user, PICTURE 1 FROM BASE - to choose from present base. The image uploading in any formats which are supported by your browser. The maximum size of the image 1,5 Mb. </r><r> 8. If you mark the price in the field the PRICE it is displayed. If the price is not necessary to you, keep a zero. </r><r> 9. In the field the BRIEF INFORMATION is written goods or service brief information. </r><r> 10. In the field PICTURE 2 it is given the chance to add the image on page with detailed description. The image can be added in two methods: UPLOAD PICTURE 2 FOR DETAILED - upload from the computer of the user, PICTURE 2 FROM BASE - to choose from present base. The image uploading in any formats which are supported by your browser. The maximum size of the image 1,5 Mb. </r><r> 11. In the field the DETAILED INFORMATION is written the detailed information of the goods or service. </r><r> 12. In the field ATTACH the FILE you can to attach a file in two methods: UPLOAD the FILE - upload from the computer of the user to CHOOSE the FILE - to choose from present base. A file uploading in any format which supports your browser. The maximum size of a file. 1,5 Mb. </r><r> 13. At an option choice to INCLUDE VOTING, your information module has a voting. By default this option is switched off. </r><r> 14. At an option choice to INCLUDE DISCUSSION, your information module has a forum. By default this option is switched off. </r><r> 15. In an option I APPROVE, if choose it is published, the information module will be displayed only in the catalogue. If will choose to SHOW ON MAIN PAGE this module will be displayed both in the catalogue and on main page. </r><r> 16. Enter from a picture a code. </r><r> 17. Press the button to SAVE. </r>',2,NULL,2,NULL,NULL,NULL,NULL,NULL,NULL,NULL,NULL,NULL,NULL,0,'2024-02-26 04:25:13',NULL,NULL,NULL,NULL,NULL,NULL,0,0,0,0,0,0,0,0,0,0,0,0,0,NULL,NULL,0.0,0.0,0.0,NULL,NULL),
	 (100728482950021324,'Information module','<r> In the information module  you can  place  the text, to place  images on forms with short and detailed description  and attach files, to set a price, and also to include voting or a forum for each concrete information module. </r>',NULL,0.0,1,NULL,NULL,NULL,NULL,1,NULL,NULL,NULL,NULL,NULL,NULL,NULL,2,NULL,NULL,-2,NULL,NULL,NULL,NULL,'2024-02-26 04:25:13',NULL,0,0,NULL,NULL,'<r> </r><r> In the information module  you can  place  the text, to place  images on forms with short and detailed description  and attach files, to set a price, and also to include voting or a forum for each concrete information module. </r><r> the Instruction on addition of the information module: </r><r> 1. To come into MANAGEMENT of the SITE having pressed the button to UPDATE. </r><r> 2. To press (To add the information, the goods, news in the central module with search in criteria)  </r><r> 3. We find subsection ( Form for an institution or information change on a site ). </r><r> 4. In the field HEADING we will write heading. </r><r> 5. In the field CHOSEN SECTION you can chose a section  where is place of  information module.If section is not exist then add new section in (Form for catalogue construction ) for detail see creation catalog. </r><r> 6. In the field IN OTHER LANGUAGE FOR SEARCH of anything it is not necessary to enter HEADING. Is in working out. </r><r> 7. In the field PICTURE 1 it is given the chance to add the image on page with the short description. The image can be added in two methods: UPLOAD PICTURE 1 FOR SHORT - upload from the computer of the user, PICTURE 1 FROM BASE - to choose from present base. The image uploading in any formats which are supported by your browser. The maximum size of the image 1,5 Mb. </r><r> 8. If you mark the price in the field the PRICE it is displayed. If the price is not necessary to you, keep a zero. </r><r> 9. In the field the BRIEF INFORMATION is written goods or service brief information. </r><r> 10. In the field PICTURE 2 it is given the chance to add the image on page with detailed description. The image can be added in two methods: UPLOAD PICTURE 2 FOR DETAILED - upload from the computer of the user, PICTURE 2 FROM BASE - to choose from present base. The image uploading in any formats which are supported by your browser. The maximum size of the image 1,5 Mb. </r><r> 11. In the field the DETAILED INFORMATION is written the detailed information of the goods or service. </r><r> 12. In the field ATTACH the FILE you can to attach a file in two methods: UPLOAD the FILE - upload from the computer of the user to CHOOSE the FILE - to choose from present base. A file uploading in any format which supports your browser. The maximum size of a file. 1,5 Mb. </r><r> 13. At an option choice to INCLUDE VOTING, your information module has a voting. By default this option is switched off. </r><r> 14. At an option choice to INCLUDE DISCUSSION, your information module has a forum. By default this option is switched off. </r><r> 15. In an option I APPROVE, if choose it is published, the information module will be displayed only in the catalogue. If will choose to SHOW ON MAIN PAGE this module will be displayed both in the catalogue and on main page. </r><r> 16. Enter from a picture a code. </r><r> 17. Press the button to SAVE. </r>',2,NULL,2,NULL,NULL,NULL,NULL,NULL,NULL,NULL,NULL,NULL,NULL,0,'2024-02-26 04:25:13',NULL,NULL,NULL,NULL,NULL,NULL,0,0,0,0,0,0,0,0,0,0,0,0,0,NULL,NULL,0.0,0.0,0.0,NULL,NULL);
INSERT INTO cmsdb.soft (SOFT_ID,NAME,DESCRIPTION,VERSION,COST,CURRENCY,SERIAL_NUBMER,FILE_ID,TYPE_ID,LEVELUP,ACTIVE,USER_ID,PHONETYPE_ID,PROGNAME_ID,IMAGE_ID,BIGIMAGE_ID,WEIGHT,COUNT,LANG_ID,PHONEMODEL_ID,LICENCE_ID,CATALOG_ID,SALELOGIC_ID,TREE_ID,CARD_NUMBER,CARD_CODE,START_DIAL_TIME,END_DIAL_TIME,START_ACTIVATION_CARD,END_ACTIVATION_CARD,TYPE_CARD_ID,PRODUCT_CODE,FULLDESCRIPTION,SITE_ID,`SEARCH`,PORTLETTYPE_ID,CRETERIA1_ID,CRETERIA2_ID,CRETERIA3_ID,CRETERIA4_ID,CRETERIA5_ID,CRETERIA6_ID,CRETERIA7_ID,CRETERIA8_ID,CRETERIA9_ID,CRETERIA10_ID,STATISTIC_ID,CDATE,CRETERIA11_ID,CRETERIA12_ID,CRETERIA13_ID,CRETERIA14_ID,CRETERIA15_ID,SQUARE,RATING_SUMM1,RATING_SUMM2,RATING_SUMM3,COUNTPOST_RATING1,COUNTPOST_RATING2,COUNTPOST_RATING3,MIDLE_BAL1,MIDLE_BAL2,MIDLE_BAL3,SHOW_RATING1,SHOW_RATING2,SHOW_RATING3,SHOW_BLOG,NAME2,SEARCH2,AMOUNT1,AMOUNT2,AMOUNT3,JSP_URL,COLOR) VALUES
	 (100728482950021325,'Information module','<r> In the information module  you can  place  the text, to place  images on forms with short and detailed description  and attach files, to set a price, and also to include voting or a forum for each concrete information module. </r>',NULL,0.0,1,NULL,NULL,NULL,NULL,1,NULL,NULL,NULL,NULL,NULL,NULL,NULL,2,NULL,NULL,-2,NULL,NULL,NULL,NULL,'2024-02-26 04:25:13',NULL,0,0,NULL,NULL,'<r> </r><r> In the information module  you can  place  the text, to place  images on forms with short and detailed description  and attach files, to set a price, and also to include voting or a forum for each concrete information module. </r><r> the Instruction on addition of the information module: </r><r> 1. To come into MANAGEMENT of the SITE having pressed the button to UPDATE. </r><r> 2. To press (To add the information, the goods, news in the central module with search in criteria)  </r><r> 3. We find subsection ( Form for an institution or information change on a site ). </r><r> 4. In the field HEADING we will write heading. </r><r> 5. In the field CHOSEN SECTION you can chose a section  where is place of  information module.If section is not exist then add new section in (Form for catalogue construction ) for detail see creation catalog. </r><r> 6. In the field IN OTHER LANGUAGE FOR SEARCH of anything it is not necessary to enter HEADING. Is in working out. </r><r> 7. In the field PICTURE 1 it is given the chance to add the image on page with the short description. The image can be added in two methods: UPLOAD PICTURE 1 FOR SHORT - upload from the computer of the user, PICTURE 1 FROM BASE - to choose from present base. The image uploading in any formats which are supported by your browser. The maximum size of the image 1,5 Mb. </r><r> 8. If you mark the price in the field the PRICE it is displayed. If the price is not necessary to you, keep a zero. </r><r> 9. In the field the BRIEF INFORMATION is written goods or service brief information. </r><r> 10. In the field PICTURE 2 it is given the chance to add the image on page with detailed description. The image can be added in two methods: UPLOAD PICTURE 2 FOR DETAILED - upload from the computer of the user, PICTURE 2 FROM BASE - to choose from present base. The image uploading in any formats which are supported by your browser. The maximum size of the image 1,5 Mb. </r><r> 11. In the field the DETAILED INFORMATION is written the detailed information of the goods or service. </r><r> 12. In the field ATTACH the FILE you can to attach a file in two methods: UPLOAD the FILE - upload from the computer of the user to CHOOSE the FILE - to choose from present base. A file uploading in any format which supports your browser. The maximum size of a file. 1,5 Mb. </r><r> 13. At an option choice to INCLUDE VOTING, your information module has a voting. By default this option is switched off. </r><r> 14. At an option choice to INCLUDE DISCUSSION, your information module has a forum. By default this option is switched off. </r><r> 15. In an option I APPROVE, if choose it is published, the information module will be displayed only in the catalogue. If will choose to SHOW ON MAIN PAGE this module will be displayed both in the catalogue and on main page. </r><r> 16. Enter from a picture a code. </r><r> 17. Press the button to SAVE. </r>',2,NULL,1,NULL,NULL,NULL,NULL,NULL,NULL,NULL,NULL,NULL,NULL,0,'2024-02-26 04:25:13',NULL,NULL,NULL,NULL,NULL,NULL,0,0,0,0,0,0,0,0,0,0,0,0,0,NULL,NULL,0.0,0.0,0.0,NULL,NULL),
	 (100728482950021326,'Information module','<r> In the information module  you can  place  the text, to place  images on forms with short and detailed description  and attach files, to set a price, and also to include voting or a forum for each concrete information module. </r>',NULL,0.0,1,NULL,NULL,NULL,NULL,1,NULL,NULL,NULL,NULL,NULL,NULL,NULL,2,NULL,NULL,-2,NULL,NULL,NULL,NULL,'2024-02-26 04:25:13',NULL,0,0,NULL,NULL,'<r> </r><r> In the information module  you can  place  the text, to place  images on forms with short and detailed description  and attach files, to set a price, and also to include voting or a forum for each concrete information module. </r><r> the Instruction on addition of the information module: </r><r> 1. To come into MANAGEMENT of the SITE having pressed the button to UPDATE. </r><r> 2. To press (To add the information, the goods, news in the central module with search in criteria)  </r><r> 3. We find subsection ( Form for an institution or information change on a site ). </r><r> 4. In the field HEADING we will write heading. </r><r> 5. In the field CHOSEN SECTION you can chose a section  where is place of  information module.If section is not exist then add new section in (Form for catalogue construction ) for detail see creation catalog. </r><r> 6. In the field IN OTHER LANGUAGE FOR SEARCH of anything it is not necessary to enter HEADING. Is in working out. </r><r> 7. In the field PICTURE 1 it is given the chance to add the image on page with the short description. The image can be added in two methods: UPLOAD PICTURE 1 FOR SHORT - upload from the computer of the user, PICTURE 1 FROM BASE - to choose from present base. The image uploading in any formats which are supported by your browser. The maximum size of the image 1,5 Mb. </r><r> 8. If you mark the price in the field the PRICE it is displayed. If the price is not necessary to you, keep a zero. </r><r> 9. In the field the BRIEF INFORMATION is written goods or service brief information. </r><r> 10. In the field PICTURE 2 it is given the chance to add the image on page with detailed description. The image can be added in two methods: UPLOAD PICTURE 2 FOR DETAILED - upload from the computer of the user, PICTURE 2 FROM BASE - to choose from present base. The image uploading in any formats which are supported by your browser. The maximum size of the image 1,5 Mb. </r><r> 11. In the field the DETAILED INFORMATION is written the detailed information of the goods or service. </r><r> 12. In the field ATTACH the FILE you can to attach a file in two methods: UPLOAD the FILE - upload from the computer of the user to CHOOSE the FILE - to choose from present base. A file uploading in any format which supports your browser. The maximum size of a file. 1,5 Mb. </r><r> 13. At an option choice to INCLUDE VOTING, your information module has a voting. By default this option is switched off. </r><r> 14. At an option choice to INCLUDE DISCUSSION, your information module has a forum. By default this option is switched off. </r><r> 15. In an option I APPROVE, if choose it is published, the information module will be displayed only in the catalogue. If will choose to SHOW ON MAIN PAGE this module will be displayed both in the catalogue and on main page. </r><r> 16. Enter from a picture a code. </r><r> 17. Press the button to SAVE. </r>',2,NULL,2,NULL,NULL,NULL,NULL,NULL,NULL,NULL,NULL,NULL,NULL,0,'2024-02-26 04:25:13',NULL,NULL,NULL,NULL,NULL,NULL,0,0,0,0,0,0,0,0,0,0,0,0,0,NULL,NULL,0.0,0.0,0.0,NULL,NULL),
	 (100728482950021327,'Information module','<r> In the information module  you can  place  the text, to place  images on forms with short and detailed description  and attach files, to set a price, and also to include voting or a forum for each concrete information module. </r>',NULL,0.0,1,NULL,NULL,NULL,NULL,1,NULL,NULL,NULL,NULL,NULL,NULL,NULL,2,NULL,NULL,-2,NULL,NULL,NULL,NULL,'2024-02-26 04:25:13',NULL,0,0,NULL,NULL,'<r> </r><r> In the information module  you can  place  the text, to place  images on forms with short and detailed description  and attach files, to set a price, and also to include voting or a forum for each concrete information module. </r><r> the Instruction on addition of the information module: </r><r> 1. To come into MANAGEMENT of the SITE having pressed the button to UPDATE. </r><r> 2. To press (To add the information, the goods, news in the central module with search in criteria)  </r><r> 3. We find subsection ( Form for an institution or information change on a site ). </r><r> 4. In the field HEADING we will write heading. </r><r> 5. In the field CHOSEN SECTION you can chose a section  where is place of  information module.If section is not exist then add new section in (Form for catalogue construction ) for detail see creation catalog. </r><r> 6. In the field IN OTHER LANGUAGE FOR SEARCH of anything it is not necessary to enter HEADING. Is in working out. </r><r> 7. In the field PICTURE 1 it is given the chance to add the image on page with the short description. The image can be added in two methods: UPLOAD PICTURE 1 FOR SHORT - upload from the computer of the user, PICTURE 1 FROM BASE - to choose from present base. The image uploading in any formats which are supported by your browser. The maximum size of the image 1,5 Mb. </r><r> 8. If you mark the price in the field the PRICE it is displayed. If the price is not necessary to you, keep a zero. </r><r> 9. In the field the BRIEF INFORMATION is written goods or service brief information. </r><r> 10. In the field PICTURE 2 it is given the chance to add the image on page with detailed description. The image can be added in two methods: UPLOAD PICTURE 2 FOR DETAILED - upload from the computer of the user, PICTURE 2 FROM BASE - to choose from present base. The image uploading in any formats which are supported by your browser. The maximum size of the image 1,5 Mb. </r><r> 11. In the field the DETAILED INFORMATION is written the detailed information of the goods or service. </r><r> 12. In the field ATTACH the FILE you can to attach a file in two methods: UPLOAD the FILE - upload from the computer of the user to CHOOSE the FILE - to choose from present base. A file uploading in any format which supports your browser. The maximum size of a file. 1,5 Mb. </r><r> 13. At an option choice to INCLUDE VOTING, your information module has a voting. By default this option is switched off. </r><r> 14. At an option choice to INCLUDE DISCUSSION, your information module has a forum. By default this option is switched off. </r><r> 15. In an option I APPROVE, if choose it is published, the information module will be displayed only in the catalogue. If will choose to SHOW ON MAIN PAGE this module will be displayed both in the catalogue and on main page. </r><r> 16. Enter from a picture a code. </r><r> 17. Press the button to SAVE. </r>',2,NULL,2,NULL,NULL,NULL,NULL,NULL,NULL,NULL,NULL,NULL,NULL,0,'2024-02-26 04:25:13',NULL,NULL,NULL,NULL,NULL,NULL,0,0,0,0,0,0,0,0,0,0,0,0,0,NULL,NULL,0.0,0.0,0.0,NULL,NULL),
	 (100728482950021328,' About company  ','<r> About company.</r>',NULL,0.0,1,NULL,NULL,NULL,NULL,1,NULL,NULL,NULL,NULL,NULL,NULL,NULL,2,NULL,NULL,-2,NULL,NULL,NULL,NULL,'2024-02-26 04:25:13',NULL,0,0,NULL,NULL,'<r> Name of company: your company name <r> Phone +1(xxx)yyy-xx-xx  </r><r> Fax:  +1(xxx)yyy-xx-xx </r><r> EMail:  your@mail </r>',2,NULL,18,NULL,NULL,NULL,NULL,NULL,NULL,NULL,NULL,NULL,NULL,0,'2024-02-26 04:25:13',NULL,NULL,NULL,NULL,NULL,NULL,0,0,0,0,0,0,0,0,0,0,0,0,0,NULL,NULL,0.0,0.0,0.0,NULL,NULL),
	 (100728482950021329,' Delivery ','<r> Delivery.</r>',NULL,0.0,1,NULL,NULL,NULL,NULL,1,NULL,NULL,NULL,NULL,NULL,NULL,NULL,2,NULL,NULL,-2,NULL,NULL,NULL,NULL,'2024-02-26 04:25:13',NULL,0,0,NULL,NULL,'<r> Delivery from your company name</r><r> Payment perform by way  translation of money resources on the company score through payment systems or through bank by direct payment </r><r> Account Web Money: 1111222333444 </r><r> Account Yandex Money: 333442234455 </r><r> Bank Of Test ltd  ...... </r>',2,NULL,18,NULL,NULL,NULL,NULL,NULL,NULL,NULL,NULL,NULL,NULL,0,'2024-02-26 04:25:13',NULL,NULL,NULL,NULL,NULL,NULL,0,0,0,0,0,0,0,0,0,0,0,0,0,NULL,NULL,0.0,0.0,0.0,NULL,NULL),
	 (100728482950021330,'Return policy','<r> How can I return item.</r>',NULL,0.0,1,NULL,NULL,NULL,NULL,1,NULL,NULL,NULL,NULL,NULL,NULL,NULL,2,NULL,NULL,-2,NULL,NULL,NULL,NULL,'2024-02-26 04:25:13',NULL,0,0,NULL,NULL,'<r> Order payment your company name </r><r> Payment perform by way  translation of money resources on the company score through payment systems or through bank by direct payment </r><r> Account Web Money: 1111222333444 </r><r> Account Yandex Money: 333442234455 </r><r> Bank Of Test ltd  ...... </r>',2,NULL,18,NULL,NULL,NULL,NULL,NULL,NULL,NULL,NULL,NULL,NULL,0,'2024-02-26 04:25:13',NULL,NULL,NULL,NULL,NULL,NULL,0,0,0,0,0,0,0,0,0,0,0,0,0,NULL,NULL,0.0,0.0,0.0,NULL,NULL),
	 (100728482950021331,'Contacts us','<r> Contacts us.</r>',NULL,0.0,1,NULL,NULL,NULL,NULL,1,NULL,NULL,NULL,NULL,NULL,NULL,NULL,2,NULL,NULL,-2,NULL,NULL,NULL,NULL,'2024-02-26 04:25:13',NULL,0,0,NULL,NULL,'<r> Contacts us your company name </r><r> Payment perform by way  translation of money resources on the company score through payment systems or through bank by direct payment </r><r> Account Web Money: 1111222333444 </r><r> Account Yandex Money: 333442234455 </r><r> Bank Of Test ltd  ...... </r>',2,NULL,18,NULL,NULL,NULL,NULL,NULL,NULL,NULL,NULL,NULL,NULL,0,'2024-02-26 04:25:13',NULL,NULL,NULL,NULL,NULL,NULL,0,0,0,0,0,0,0,0,0,0,0,0,0,NULL,NULL,0.0,0.0,0.0,NULL,NULL),
	 (100728482950021332,'Careers','<r> Careers.</r>',NULL,0.0,1,NULL,NULL,NULL,NULL,1,NULL,NULL,NULL,NULL,NULL,NULL,NULL,2,NULL,NULL,-2,NULL,NULL,NULL,NULL,'2024-02-26 04:25:13',NULL,0,0,NULL,NULL,'<r> Careers with your company name </r><r> Payment perform by way  translation of money resources on the company score through payment systems or through bank by direct payment </r><r> Account Web Money: 1111222333444 </r><r> Account Yandex Money: 333442234455 </r><r> Bank Of Test ltd  ...... </r>',2,NULL,18,NULL,NULL,NULL,NULL,NULL,NULL,NULL,NULL,NULL,NULL,0,'2024-02-26 04:25:13',NULL,NULL,NULL,NULL,NULL,NULL,0,0,0,0,0,0,0,0,0,0,0,0,0,NULL,NULL,0.0,0.0,0.0,NULL,NULL);
INSERT INTO cmsdb.tuser (USER_ID,LOGIN,PASSWD,FIRST_NAME,LAST_NAME,COMPANY,E_MAIL,PHONE,MOBIL_PHONE,FAX,ICQ,WEBSITE,QUESTION,ANSWER,IDSESSION,BIRTHDAY,REGDATE,LEVELUP_CD,BANK_CD,ACVIVE_SESSION,ACTIVE,COUNTRY,CITY,ZIP,STATE,SCOUNTRY,MIDDLENAME,CITY_ID,COUNTRY_ID,CURRENCY_ID,TREE_ID,SITE_ID) VALUES
	 (100728482950021285,'','',NULL,NULL,' your company name ',' your@mail',NULL,NULL,NULL,NULL,NULL,NULL,NULL,NULL,'2024-02-26 00:00:00','2024-02-26 00:00:00',2,0,1,1,NULL,NULL,NULL,NULL,NULL,NULL,1,1,1,NULL,2),
	 (100728482950021287,'user','user',NULL,NULL,NULL,NULL,NULL,NULL,NULL,NULL,NULL,NULL,NULL,NULL,'2024-02-26 00:00:00','2024-02-26 00:00:00',0,0,1,1,NULL,NULL,NULL,NULL,NULL,NULL,1,1,1,NULL,2);
INSERT INTO cmsdb.typesoft (TYPE_ID,USER_ID,TYPE_LABLE,TYPE_DESC,ACTIVE,TAX) VALUES
	 (0,1,'Default mode','Default mode',1,0.0),
	 (1,1,'Make item invisible on your page','Make item invisible on your page',1,0.0),
	 (2,1,'Make item visible in Marker place','Make item visible in Marker place',1,0.0),
	 (3,1,'Make item visible on your page','Make item visible on your page',1,0.0);
